month,hotel_id,country,region,hotel_category,impressions,clicks,leads,cost,ctr,cpc,conversion_rate
December 2025,1,Spain,Mallorca,5 Star,167374.0,2760.0,137.0,2814.8,0.0165,1.02,0.0496
December 2025,2,Greece,Crete,4 Star,134979.0,2605.0,195.0,2684.44,0.0193,1.03,0.0749
December 2025,3,Turkey,Antalya,5 Star,328332.0,7649.0,311.0,13391.88,0.0233,1.75,0.0407
December 2025,4,Egypt,Hurghada,4 Star,505156.0,13918.0,753.0,14328.98,0.0276,1.03,0.0541
December 2025,5,Portugal,Algarve,5 Star,283046.0,6224.0,382.0,7224.96,0.022,1.16,0.0614
December 2025,6,Spain,Canary Islands,4 Star,307502.0,8098.0,495.0,11785.35,0.0263,1.46,0.0611
December 2025,7,Greece,Rhodes,4 Star,237489.0,5162.0,498.0,4006.12,0.0217,0.78,0.0965
December 2025,8,Italy,Sardinia,5 Star,382830.0,7410.0,434.0,9021.2,0.0194,1.22,0.0586
December 2025,9,Croatia,Istria,4 Star,288164.0,7274.0,419.0,9355.98,0.0252,1.29,0.0576
December 2025,10,Spain,Costa del Sol,3 Star,188113.0,4685.0,330.0,5423.55,0.0249,1.16,0.0704
December 2025,11,Turkey,Bodrum,4 Star,180056.0,4337.0,289.0,4134.01,0.0241,0.95,0.0666
December 2025,12,Egypt,Marsa Alam,5 Star,604451.0,16631.0,1151.0,17199.46,0.0275,1.03,0.0692
December 2025,13,Germany,Baltic Sea,4 Star,169817.0,2284.0,188.0,1869.3,0.0134,0.82,0.0823
December 2025,14,Greece,Kos,3 Star,253704.0,6417.0,601.0,4248.34,0.0253,0.66,0.0937
December 2025,15,Austria,Tyrol,4 Star,293338.0,4886.0,354.0,3972.75,0.0167,0.81,0.0725
December 2025,16,United Arab Emirates,Dubai,5 Star,202037.0,5934.0,274.0,6615.74,0.0294,1.11,0.0462
December 2025,17,Tunisia,Djerba,4 Star,135085.0,2075.0,140.0,1550.42,0.0154,0.75,0.0675
December 2025,18,Spain,Ibiza,4 Star,118846.0,2230.0,125.0,4167.64,0.0188,1.87,0.0561
December 2025,19,Bulgaria,Golden Sands,3 Star,68755.0,1572.0,75.0,2616.68,0.0229,1.66,0.0477
November 2025,1,Spain,Mallorca,5 Star,154566.0,2576.0,136.0,2469.95,0.0167,0.96,0.0528
November 2025,2,Greece,Crete,4 Star,111041.0,1990.0,133.0,2027.19,0.0179,1.02,0.0668
November 2025,3,Turkey,Antalya,5 Star,274034.0,6171.0,244.0,10264.84,0.0225,1.66,0.0395
November 2025,4,Egypt,Hurghada,4 Star,359685.0,10090.0,551.0,10591.76,0.0281,1.05,0.0546
November 2025,5,Portugal,Algarve,5 Star,236059.0,5140.0,330.0,5901.31,0.0218,1.15,0.0642
November 2025,6,Spain,Canary Islands,4 Star,255286.0,6438.0,376.0,9404.9,0.0252,1.46,0.0584
November 2025,7,Greece,Rhodes,4 Star,203271.0,4600.0,439.0,3931.72,0.0226,0.85,0.0954
November 2025,8,Italy,Sardinia,5 Star,331275.0,6156.0,358.0,7759.63,0.0186,1.26,0.0582
November 2025,9,Croatia,Istria,4 Star,249073.0,6174.0,377.0,7814.5,0.0248,1.27,0.0611
November 2025,10,Spain,Costa del Sol,3 Star,158689.0,3832.0,284.0,4376.03,0.0241,1.14,0.0741
November 2025,11,Turkey,Bodrum,4 Star,155277.0,3562.0,221.0,3323.68,0.0229,0.93,0.062
November 2025,12,Egypt,Marsa Alam,5 Star,416750.0,12169.0,797.0,13340.28,0.0292,1.1,0.0655
November 2025,13,Germany,Baltic Sea,4 Star,137134.0,1995.0,176.0,1699.55,0.0145,0.85,0.0882
November 2025,14,Greece,Kos,3 Star,220163.0,5887.0,532.0,3730.61,0.0267,0.63,0.0904
November 2025,15,Austria,Tyrol,4 Star,168556.0,2840.0,210.0,2319.17,0.0168,0.82,0.0739
November 2025,16,United Arab Emirates,Dubai,5 Star,173105.0,4838.0,228.0,5773.57,0.0279,1.19,0.0471
November 2025,17,Tunisia,Djerba,4 Star,106644.0,1685.0,112.0,1295.43,0.0158,0.77,0.0665
November 2025,18,Spain,Ibiza,4 Star,119586.0,2227.0,132.0,4171.96,0.0186,1.87,0.0593
November 2025,19,Bulgaria,Golden Sands,3 Star,58364.0,1428.0,73.0,2331.51,0.0245,1.63,0.0511
October 2025,1,Spain,Mallorca,5 Star,212803.0,3487.0,190.0,3544.08,0.0164,1.02,0.0545
October 2025,2,Greece,Crete,4 Star,129664.0,2377.0,168.0,2413.36,0.0183,1.02,0.0707
October 2025,3,Turkey,Antalya,5 Star,338941.0,7534.0,311.0,12039.86,0.0222,1.6,0.0413
October 2025,4,Egypt,Hurghada,4 Star,308015.0,8459.0,435.0,9012.82,0.0275,1.07,0.0514
October 2025,5,Portugal,Algarve,5 Star,263552.0,6301.0,386.0,7307.96,0.0239,1.16,0.0613
October 2025,6,Spain,Canary Islands,4 Star,278979.0,7094.0,448.0,10331.83,0.0254,1.46,0.0632
October 2025,7,Greece,Rhodes,4 Star,226026.0,4837.0,551.0,3801.88,0.0214,0.79,0.1139
October 2025,8,Italy,Sardinia,5 Star,360381.0,6729.0,412.0,8214.76,0.0187,1.22,0.0612
October 2025,9,Croatia,Istria,4 Star,275094.0,6953.0,424.0,8637.85,0.0253,1.24,0.061
October 2025,10,Spain,Costa del Sol,3 Star,176512.0,4281.0,322.0,4807.85,0.0243,1.12,0.0752
October 2025,11,Turkey,Bodrum,4 Star,170928.0,4319.0,283.0,4267.05,0.0253,0.99,0.0655
October 2025,12,Egypt,Marsa Alam,5 Star,348880.0,9449.0,615.0,10236.97,0.0271,1.08,0.0651
October 2025,13,Germany,Baltic Sea,4 Star,166714.0,2303.0,181.0,1937.25,0.0138,0.84,0.0786
October 2025,14,Greece,Kos,3 Star,240705.0,6626.0,610.0,4234.98,0.0275,0.64,0.0921
October 2025,15,Austria,Tyrol,4 Star,116913.0,2038.0,147.0,1702.25,0.0174,0.84,0.0721
October 2025,16,United Arab Emirates,Dubai,5 Star,190430.0,5351.0,244.0,6081.97,0.0281,1.14,0.0456
October 2025,17,Tunisia,Djerba,4 Star,128121.0,1919.0,128.0,1452.32,0.015,0.76,0.0667
October 2025,18,Spain,Ibiza,4 Star,166384.0,3260.0,198.0,6178.14,0.0196,1.9,0.0607
October 2025,19,Bulgaria,Golden Sands,3 Star,62292.0,1456.0,67.0,2385.41,0.0234,1.64,0.046
September 2025,1,Spain,Mallorca,5 Star,352017.0,5567.0,297.0,5475.96,0.0158,0.98,0.0534
September 2025,2,Greece,Crete,4 Star,188599.0,3537.0,256.0,3606.35,0.0188,1.02,0.0724
September 2025,3,Turkey,Antalya,5 Star,485698.0,10871.0,477.0,17658.86,0.0224,1.62,0.0439
September 2025,4,Egypt,Hurghada,4 Star,288142.0,8030.0,418.0,8164.92,0.0279,1.02,0.0521
September 2025,5,Portugal,Algarve,5 Star,379553.0,8346.0,508.0,9362.87,0.022,1.12,0.0609
September 2025,6,Spain,Canary Islands,4 Star,408424.0,10670.0,663.0,14822.1,0.0261,1.39,0.0621
September 2025,7,Greece,Rhodes,4 Star,356255.0,7717.0,777.0,6102.84,0.0217,0.79,0.1007
September 2025,8,Italy,Sardinia,5 Star,534964.0,9804.0,592.0,11981.04,0.0183,1.22,0.0604
September 2025,9,Croatia,Istria,4 Star,403856.0,10023.0,566.0,12317.33,0.0248,1.23,0.0565
September 2025,10,Spain,Costa del Sol,3 Star,275369.0,6551.0,501.0,7396.85,0.0238,1.13,0.0765
September 2025,11,Turkey,Bodrum,4 Star,255827.0,5773.0,343.0,5733.55,0.0226,0.99,0.0594
September 2025,12,Egypt,Marsa Alam,5 Star,324407.0,9234.0,621.0,9478.69,0.0285,1.03,0.0673
September 2025,13,Germany,Baltic Sea,4 Star,238186.0,3280.0,277.0,2772.41,0.0138,0.85,0.0845
September 2025,14,Greece,Kos,3 Star,345901.0,9245.0,828.0,5842.41,0.0267,0.63,0.0896
September 2025,15,Austria,Tyrol,4 Star,161550.0,2675.0,201.0,2309.45,0.0166,0.86,0.0751
September 2025,16,United Arab Emirates,Dubai,5 Star,282488.0,7734.0,350.0,9349.42,0.0274,1.21,0.0453
September 2025,17,Tunisia,Djerba,4 Star,198225.0,3117.0,199.0,2264.79,0.0157,0.73,0.0638
September 2025,18,Spain,Ibiza,4 Star,338070.0,6447.0,400.0,12185.2,0.0191,1.89,0.062
September 2025,19,Bulgaria,Golden Sands,3 Star,92440.0,2233.0,108.0,3658.93,0.0242,1.64,0.0484
August 2025,1,Spain,Mallorca,5 Star,341677.0,5431.0,273.0,5440.76,0.0159,1.0,0.0503
August 2025,2,Greece,Crete,4 Star,167719.0,3086.0,205.0,3080.1,0.0184,1.0,0.0664
August 2025,3,Turkey,Antalya,5 Star,399483.0,8841.0,346.0,14593.61,0.0221,1.65,0.0391
August 2025,4,Egypt,Hurghada,4 Star,181382.0,4952.0,268.0,5194.63,0.0273,1.05,0.0541
August 2025,5,Portugal,Algarve,5 Star,367322.0,8464.0,534.0,9740.9,0.023,1.15,0.0631
August 2025,6,Spain,Canary Islands,4 Star,383695.0,9871.0,654.0,14267.66,0.0257,1.45,0.0663
August 2025,7,Greece,Rhodes,4 Star,294346.0,6112.0,619.0,4942.95,0.0208,0.81,0.1013
August 2025,8,Italy,Sardinia,5 Star,496634.0,9326.0,556.0,11307.18,0.0188,1.21,0.0596
August 2025,9,Croatia,Istria,4 Star,358870.0,8960.0,544.0,11083.78,0.025,1.24,0.0607
August 2025,10,Spain,Costa del Sol,3 Star,238587.0,6164.0,456.0,7043.38,0.0258,1.14,0.074
August 2025,11,Turkey,Bodrum,4 Star,229990.0,5485.0,325.0,5296.54,0.0238,0.97,0.0593
August 2025,12,Egypt,Marsa Alam,5 Star,189845.0,5342.0,337.0,5747.78,0.0281,1.08,0.0631
August 2025,13,Germany,Baltic Sea,4 Star,210990.0,3039.0,243.0,2468.47,0.0144,0.81,0.08
August 2025,14,Greece,Kos,3 Star,315347.0,8450.0,808.0,5489.19,0.0268,0.65,0.0956
August 2025,15,Austria,Tyrol,4 Star,153476.0,2645.0,186.0,2204.32,0.0172,0.83,0.0703
August 2025,16,United Arab Emirates,Dubai,5 Star,260339.0,7380.0,332.0,8679.68,0.0283,1.18,0.045
August 2025,17,Tunisia,Djerba,4 Star,156222.0,2350.0,163.0,1707.6,0.015,0.73,0.0694
August 2025,18,Spain,Ibiza,4 Star,369663.0,7165.0,418.0,13624.82,0.0194,1.9,0.0583
August 2025,19,Bulgaria,Golden Sands,3 Star,84446.0,2029.0,107.0,3311.97,0.024,1.63,0.0527
July 2025,1,Spain,Mallorca,5 Star,351221.0,5842.0,312.0,5632.86,0.0166,0.96,0.0534
July 2025,2,Greece,Crete,4 Star,160699.0,3021.0,216.0,3084.84,0.0188,1.02,0.0715
July 2025,3,Turkey,Antalya,5 Star,426713.0,10175.0,395.0,17597.99,0.0238,1.73,0.0388
July 2025,4,Egypt,Hurghada,4 Star,168653.0,4693.0,236.0,4869.41,0.0278,1.04,0.0503
July 2025,5,Portugal,Algarve,5 Star,371034.0,8422.0,519.0,9742.09,0.0227,1.16,0.0616
July 2025,6,Spain,Canary Islands,4 Star,371241.0,10093.0,627.0,14686.3,0.0272,1.46,0.0621
July 2025,7,Greece,Rhodes,4 Star,307906.0,6750.0,708.0,5662.23,0.0219,0.84,0.1049
July 2025,8,Italy,Sardinia,5 Star,486806.0,8957.0,502.0,10622.18,0.0184,1.19,0.056
July 2025,9,Croatia,Istria,4 Star,386810.0,9748.0,620.0,12827.96,0.0252,1.32,0.0636
July 2025,10,Spain,Costa del Sol,3 Star,248275.0,5947.0,471.0,6691.88,0.024,1.13,0.0792
July 2025,11,Turkey,Bodrum,4 Star,240006.0,5906.0,350.0,5440.82,0.0246,0.92,0.0593
July 2025,12,Egypt,Marsa Alam,5 Star,224244.0,5224.0,1384.0,5795.3,0.0233,1.11,0.2649
July 2025,13,Germany,Baltic Sea,4 Star,213476.0,3254.0,276.0,2771.75,0.0152,0.85,0.0848
July 2025,14,Greece,Kos,3 Star,320168.0,8486.0,791.0,5309.36,0.0265,0.63,0.0932
July 2025,15,Austria,Tyrol,4 Star,170652.0,2730.0,199.0,2262.06,0.016,0.83,0.0729
July 2025,16,United Arab Emirates,Dubai,5 Star,272991.0,7493.0,332.0,8639.12,0.0274,1.15,0.0443
July 2025,17,Tunisia,Djerba,4 Star,174963.0,2577.0,167.0,1889.15,0.0147,0.73,0.0648
July 2025,18,Spain,Ibiza,4 Star,380246.0,7291.0,462.0,13526.4,0.0192,1.86,0.0634
July 2025,19,Bulgaria,Golden Sands,3 Star,94684.0,2331.0,118.0,3752.01,0.0246,1.61,0.0506
June 2025,1,Spain,Mallorca,5 Star,406432.0,6701.0,352.0,6788.0,0.0165,1.01,0.0525
June 2025,2,Greece,Crete,4 Star,198129.0,3643.0,252.0,3640.5,0.0184,1.0,0.0692
June 2025,3,Turkey,Antalya,5 Star,536681.0,12506.0,636.0,16224.63,0.0233,1.3,0.0509
June 2025,4,Egypt,Hurghada,4 Star,228957.0,6010.0,311.0,6146.11,0.0262,1.02,0.0517
June 2025,5,Portugal,Algarve,5 Star,423612.0,9342.0,597.0,11568.53,0.0221,1.24,0.0639
June 2025,6,Spain,Canary Islands,4 Star,438568.0,11500.0,709.0,16102.4,0.0262,1.4,0.0617
June 2025,7,Greece,Rhodes,4 Star,353808.0,7768.0,809.0,6194.5,0.022,0.8,0.1041
June 2025,8,Italy,Sardinia,5 Star,581230.0,10696.0,624.0,13125.45,0.0184,1.23,0.0583
June 2025,9,Croatia,Istria,4 Star,435973.0,10892.0,633.0,13773.5,0.025,1.26,0.0581
June 2025,10,Spain,Costa del Sol,3 Star,289505.0,7264.0,533.0,8284.36,0.0251,1.14,0.0734
June 2025,11,Turkey,Bodrum,4 Star,279392.0,6215.0,375.0,5987.63,0.0222,0.96,0.0603
June 2025,12,Egypt,Marsa Alam,5 Star,240451.0,7040.0,446.0,7927.04,0.0293,1.13,0.0634
June 2025,13,Germany,Baltic Sea,4 Star,248461.0,3610.0,334.0,2897.16,0.0145,0.8,0.0925
June 2025,14,Greece,Kos,3 Star,376782.0,10152.0,954.0,6856.61,0.0269,0.68,0.094
June 2025,15,Austria,Tyrol,4 Star,168955.0,2887.0,201.0,2414.71,0.0171,0.84,0.0696
June 2025,16,United Arab Emirates,Dubai,5 Star,315641.0,8900.0,370.0,10843.07,0.0282,1.22,0.0416
June 2025,17,Tunisia,Djerba,4 Star,207260.0,3296.0,216.0,2355.87,0.0159,0.71,0.0655
June 2025,18,Spain,Ibiza,4 Star,438663.0,8052.0,668.0,11865.94,0.0184,1.47,0.083
June 2025,19,Bulgaria,Golden Sands,3 Star,105647.0,2451.0,118.0,4115.77,0.0232,1.68,0.0481
May 2025,1,Spain,Mallorca,5 Star,271437.0,4583.0,255.0,4643.68,0.0169,1.01,0.0556
May 2025,2,Greece,Crete,4 Star,145193.0,2723.0,193.0,2826.26,0.0188,1.04,0.0709
May 2025,3,Turkey,Antalya,5 Star,366142.0,8618.0,462.0,11316.22,0.0235,1.31,0.0536
May 2025,4,Egypt,Hurghada,4 Star,226246.0,6222.0,305.0,6449.49,0.0275,1.04,0.049
May 2025,5,Portugal,Algarve,5 Star,305213.0,6824.0,420.0,8221.11,0.0224,1.2,0.0615
May 2025,6,Spain,Canary Islands,4 Star,338665.0,8895.0,549.0,12666.97,0.0263,1.42,0.0617
May 2025,7,Greece,Rhodes,4 Star,247349.0,5480.0,535.0,4441.85,0.0222,0.81,0.0976
May 2025,8,Italy,Sardinia,5 Star,413044.0,7483.0,460.0,9164.81,0.0181,1.22,0.0615
May 2025,9,Croatia,Istria,4 Star,325081.0,8396.0,502.0,10518.41,0.0258,1.25,0.0598
May 2025,10,Spain,Costa del Sol,3 Star,193698.0,4660.0,348.0,5449.46,0.0241,1.17,0.0747
May 2025,11,Turkey,Bodrum,4 Star,197009.0,5005.0,295.0,4810.92,0.0254,0.96,0.0589
May 2025,12,Egypt,Marsa Alam,5 Star,243650.0,6949.0,442.0,7345.33,0.0285,1.06,0.0636
May 2025,13,Germany,Baltic Sea,4 Star,167812.0,2448.0,202.0,2152.69,0.0146,0.88,0.0825
May 2025,14,Greece,Kos,3 Star,277790.0,7723.0,754.0,5265.04,0.0278,0.68,0.0976
May 2025,15,Austria,Tyrol,4 Star,109252.0,1833.0,118.0,1543.23,0.0168,0.84,0.0644
May 2025,16,United Arab Emirates,Dubai,5 Star,217875.0,6373.0,277.0,7599.47,0.0293,1.19,0.0435
May 2025,17,Tunisia,Djerba,4 Star,146235.0,2162.0,137.0,1610.14,0.0148,0.74,0.0634
May 2025,18,Spain,Ibiza,4 Star,308163.0,5641.0,448.0,8299.44,0.0183,1.47,0.0794
May 2025,19,Bulgaria,Golden Sands,3 Star,79366.0,1868.0,103.0,3044.48,0.0235,1.63,0.0551
April 2025,1,Spain,Mallorca,5 Star,214451.0,3515.0,110.0,6174.28,0.0164,1.76,0.0313
April 2025,2,Greece,Crete,4 Star,129216.0,2420.0,175.0,2497.14,0.0187,1.03,0.0723
April 2025,3,Turkey,Antalya,5 Star,333319.0,8029.0,401.0,10498.52,0.0241,1.31,0.0499
April 2025,4,Egypt,Hurghada,4 Star,272921.0,7144.0,384.0,7240.98,0.0262,1.01,0.0538
April 2025,5,Portugal,Algarve,5 Star,276339.0,6108.0,339.0,7002.87,0.0221,1.15,0.0555
April 2025,6,Spain,Canary Islands,4 Star,294275.0,7506.0,485.0,10662.69,0.0255,1.42,0.0646
April 2025,7,Greece,Rhodes,4 Star,223080.0,4877.0,496.0,3832.56,0.0219,0.79,0.1017
April 2025,8,Italy,Sardinia,5 Star,366345.0,6551.0,387.0,7957.23,0.0179,1.21,0.0591
April 2025,9,Croatia,Istria,4 Star,283742.0,7225.0,457.0,9375.6,0.0255,1.3,0.0633
April 2025,10,Spain,Costa del Sol,3 Star,187478.0,4443.0,323.0,5204.5,0.0237,1.17,0.0727
April 2025,11,Turkey,Bodrum,4 Star,179564.0,4268.0,269.0,4131.76,0.0238,0.97,0.063
April 2025,12,Egypt,Marsa Alam,5 Star,323138.0,9005.0,561.0,9799.77,0.0279,1.09,0.0623
April 2025,13,Germany,Baltic Sea,4 Star,166467.0,2294.0,202.0,1844.91,0.0138,0.8,0.0881
April 2025,14,Greece,Kos,3 Star,240355.0,6442.0,585.0,4208.41,0.0268,0.65,0.0908
April 2025,15,Austria,Tyrol,4 Star,119776.0,2072.0,142.0,1702.62,0.0173,0.82,0.0685
April 2025,16,United Arab Emirates,Dubai,5 Star,186043.0,5094.0,217.0,6018.02,0.0274,1.18,0.0426
April 2025,17,Tunisia,Djerba,4 Star,125696.0,2063.0,132.0,1563.86,0.0164,0.76,0.064
April 2025,18,Spain,Ibiza,4 Star,225057.0,4096.0,311.0,5883.13,0.0182,1.44,0.0759
April 2025,19,Bulgaria,Golden Sands,3 Star,66973.0,1673.0,83.0,2789.01,0.025,1.67,0.0496
March 2025,1,Spain,Mallorca,5 Star,232649.0,3772.0,134.0,6320.44,0.0162,1.68,0.0355
March 2025,2,Greece,Crete,4 Star,153309.0,2789.0,195.0,2775.0,0.0182,0.99,0.0699
March 2025,3,Turkey,Antalya,5 Star,389284.0,9326.0,488.0,12299.45,0.024,1.32,0.0523
March 2025,4,Egypt,Hurghada,4 Star,415742.0,11392.0,580.0,11802.03,0.0274,1.04,0.0509
March 2025,5,Portugal,Algarve,5 Star,320280.0,6923.0,401.0,7940.53,0.0216,1.15,0.0579
March 2025,6,Spain,Canary Islands,4 Star,337654.0,8926.0,533.0,12624.68,0.0264,1.41,0.0597
March 2025,7,Greece,Rhodes,4 Star,246332.0,5782.0,582.0,4644.89,0.0235,0.8,0.1007
March 2025,8,Italy,Sardinia,5 Star,430986.0,7807.0,479.0,9640.22,0.0181,1.23,0.0614
March 2025,9,Croatia,Istria,4 Star,335687.0,8223.0,509.0,10686.2,0.0245,1.3,0.0619
March 2025,10,Spain,Costa del Sol,3 Star,218579.0,5684.0,395.0,6507.27,0.026,1.14,0.0695
March 2025,11,Turkey,Bodrum,4 Star,205451.0,5085.0,290.0,5050.88,0.0248,0.99,0.057
March 2025,12,Egypt,Marsa Alam,5 Star,460209.0,13442.0,891.0,14560.17,0.0292,1.08,0.0663
March 2025,13,Germany,Baltic Sea,4 Star,193129.0,2763.0,223.0,2318.49,0.0143,0.84,0.0807
March 2025,14,Greece,Kos,3 Star,266933.0,7012.0,656.0,4455.53,0.0263,0.64,0.0936
March 2025,15,Austria,Tyrol,4 Star,222806.0,3723.0,260.0,3089.81,0.0167,0.83,0.0698
March 2025,16,United Arab Emirates,Dubai,5 Star,226022.0,6498.0,279.0,7699.14,0.0287,1.18,0.0429
March 2025,17,Tunisia,Djerba,4 Star,147533.0,2194.0,143.0,1635.56,0.0149,0.75,0.0652
March 2025,18,Spain,Ibiza,4 Star,206083.0,3991.0,332.0,5934.72,0.0194,1.49,0.0832
March 2025,19,Bulgaria,Golden Sands,3 Star,73816.0,1782.0,84.0,2868.39,0.0241,1.61,0.0471
February 2025,1,Spain,Mallorca,5 Star,149407.0,2568.0,110.0,3707.26,0.0172,1.44,0.0428
February 2025,2,Greece,Crete,4 Star,111444.0,2048.0,144.0,2126.53,0.0184,1.04,0.0703
February 2025,3,Turkey,Antalya,5 Star,275994.0,6548.0,344.0,8753.91,0.0237,1.34,0.0525
February 2025,4,Egypt,Hurghada,4 Star,355484.0,9492.0,466.0,9683.28,0.0267,1.02,0.0491
February 2025,5,Portugal,Algarve,5 Star,220913.0,4855.0,290.0,5833.86,0.022,1.2,0.0597
February 2025,6,Spain,Canary Islands,4 Star,236899.0,6166.0,373.0,8814.18,0.026,1.43,0.0605
February 2025,7,Greece,Rhodes,4 Star,181086.0,4059.0,417.0,3309.68,0.0224,0.82,0.1027
February 2025,8,Italy,Sardinia,5 Star,301445.0,5357.0,327.0,6477.46,0.0178,1.21,0.061
February 2025,9,Croatia,Istria,4 Star,224625.0,5481.0,334.0,6679.58,0.0244,1.22,0.0609
February 2025,10,Spain,Costa del Sol,3 Star,162101.0,3980.0,281.0,4789.6,0.0246,1.2,0.0706
February 2025,11,Turkey,Bodrum,4 Star,146736.0,3285.0,195.0,3021.71,0.0224,0.92,0.0594
February 2025,12,Egypt,Marsa Alam,5 Star,410371.0,11666.0,790.0,12362.48,0.0284,1.06,0.0677
February 2025,13,Germany,Baltic Sea,4 Star,145784.0,2150.0,159.0,1826.35,0.0147,0.85,0.074
February 2025,14,Greece,Kos,3 Star,192290.0,5201.0,533.0,3407.28,0.027,0.66,0.1025
February 2025,15,Austria,Tyrol,4 Star,219571.0,3415.0,243.0,2794.06,0.0156,0.82,0.0712
February 2025,16,United Arab Emirates,Dubai,5 Star,158965.0,4434.0,191.0,4906.45,0.0279,1.11,0.0431
February 2025,17,Tunisia,Djerba,4 Star,110118.0,1722.0,117.0,1269.31,0.0156,0.74,0.0679
February 2025,18,Spain,Ibiza,4 Star,121924.0,2267.0,172.0,3427.45,0.0186,1.51,0.0759
February 2025,19,Bulgaria,Golden Sands,3 Star,57025.0,1369.0,67.0,2315.6,0.024,1.69,0.0489
January 2025,1,Spain,Mallorca,5 Star,137734.0,2158.0,109.0,2665.79,0.0157,1.24,0.0505
January 2025,2,Greece,Crete,4 Star,100468.0,1831.0,122.0,1889.74,0.0182,1.03,0.0666
January 2025,3,Turkey,Antalya,5 Star,264897.0,6438.0,345.0,8905.8,0.0243,1.38,0.0536
January 2025,4,Egypt,Hurghada,4 Star,375497.0,9957.0,511.0,10415.05,0.0265,1.05,0.0513
January 2025,5,Portugal,Algarve,5 Star,215188.0,4912.0,299.0,5541.63,0.0228,1.13,0.0609
January 2025,6,Spain,Canary Islands,4 Star,228587.0,5863.0,373.0,8430.63,0.0256,1.44,0.0636
January 2025,7,Greece,Rhodes,4 Star,174774.0,3740.0,356.0,3062.81,0.0214,0.82,0.0952
January 2025,8,Italy,Sardinia,5 Star,285610.0,5276.0,320.0,6653.39,0.0185,1.26,0.0607
January 2025,9,Croatia,Istria,4 Star,222738.0,5608.0,336.0,6855.99,0.0252,1.22,0.0599
January 2025,10,Spain,Costa del Sol,3 Star,151624.0,3663.0,255.0,4195.51,0.0242,1.15,0.0696
January 2025,11,Turkey,Bodrum,4 Star,138168.0,3176.0,190.0,2984.97,0.023,0.94,0.0598
January 2025,12,Egypt,Marsa Alam,5 Star,424642.0,12469.0,820.0,13270.93,0.0294,1.06,0.0658
January 2025,13,Germany,Baltic Sea,4 Star,126465.0,1789.0,144.0,1547.12,0.0141,0.86,0.0805
January 2025,14,Greece,Kos,3 Star,185963.0,5113.0,476.0,3368.57,0.0275,0.66,0.0931
January 2025,15,Austria,Tyrol,4 Star,219844.0,3717.0,274.0,3124.86,0.0169,0.84,0.0737
January 2025,16,United Arab Emirates,Dubai,5 Star,147719.0,4090.0,191.0,4887.35,0.0277,1.19,0.0467
January 2025,17,Tunisia,Djerba,4 Star,105727.0,1636.0,108.0,1159.62,0.0155,0.71,0.066
January 2025,18,Spain,Ibiza,4 Star,96606.0,1842.0,145.0,2768.89,0.0191,1.5,0.0787
January 2025,19,Bulgaria,Golden Sands,3 Star,52088.0,1219.0,63.0,1861.83,0.0234,1.53,0.0517
December 2024,1,Spain,Mallorca,5 Star,162524.0,2725.0,152.0,2734.56,0.0168,1.0,0.0558
December 2024,2,Greece,Crete,4 Star,131784.0,2361.0,170.0,2398.41,0.0179,1.02,0.072
December 2024,3,Turkey,Antalya,5 Star,349314.0,8367.0,403.0,11002.56,0.024,1.31,0.0482
December 2024,4,Egypt,Hurghada,4 Star,483682.0,13330.0,736.0,13755.74,0.0276,1.03,0.0552
December 2024,5,Portugal,Algarve,5 Star,298139.0,6403.0,373.0,7467.77,0.0215,1.17,0.0583
December 2024,6,Spain,Canary Islands,4 Star,302264.0,8129.0,501.0,11512.35,0.0269,1.42,0.0616
December 2024,7,Greece,Rhodes,4 Star,233012.0,5066.0,511.0,3980.43,0.0217,0.79,0.1009
December 2024,8,Italy,Sardinia,5 Star,370457.0,6630.0,400.0,8199.88,0.0179,1.24,0.0603
December 2024,9,Croatia,Istria,4 Star,296092.0,7352.0,452.0,8979.76,0.0248,1.22,0.0615
December 2024,10,Spain,Costa del Sol,3 Star,192111.0,4554.0,340.0,5262.42,0.0237,1.16,0.0747
December 2024,11,Turkey,Bodrum,4 Star,185580.0,4368.0,251.0,4322.64,0.0235,0.99,0.0575
December 2024,12,Egypt,Marsa Alam,5 Star,619629.0,17688.0,1121.0,18387.15,0.0285,1.04,0.0634
December 2024,13,Germany,Baltic Sea,4 Star,172124.0,2354.0,186.0,1985.71,0.0137,0.84,0.079
December 2024,14,Greece,Kos,3 Star,264538.0,7309.0,716.0,4567.11,0.0276,0.62,0.098
December 2024,15,Austria,Tyrol,4 Star,311661.0,5270.0,370.0,4438.32,0.0169,0.84,0.0702
December 2024,16,United Arab Emirates,Dubai,5 Star,195429.0,5339.0,231.0,6045.11,0.0273,1.13,0.0433
December 2024,17,Tunisia,Djerba,4 Star,127952.0,1939.0,123.0,1447.42,0.0152,0.75,0.0634
December 2024,18,Spain,Ibiza,4 Star,122934.0,2352.0,168.0,3533.41,0.0191,1.5,0.0714
December 2024,19,Bulgaria,Golden Sands,3 Star,68704.0,1664.0,77.0,2614.84,0.0242,1.57,0.0463
November 2024,1,Spain,Mallorca,5 Star,152043.0,2483.0,139.0,2380.51,0.0163,0.96,0.056
November 2024,2,Greece,Crete,4 Star,115540.0,2111.0,144.0,2178.59,0.0183,1.03,0.0682
November 2024,3,Turkey,Antalya,5 Star,281809.0,6262.0,330.0,8685.63,0.0222,1.39,0.0527
November 2024,4,Egypt,Hurghada,4 Star,361915.0,9902.0,523.0,9946.84,0.0274,1.0,0.0528
November 2024,5,Portugal,Algarve,5 Star,241962.0,5364.0,330.0,6116.66,0.0222,1.14,0.0615
November 2024,6,Spain,Canary Islands,4 Star,243205.0,6332.0,373.0,9270.27,0.026,1.46,0.0589
November 2024,7,Greece,Rhodes,4 Star,194063.0,4203.0,428.0,3271.7,0.0217,0.78,0.1018
November 2024,8,Italy,Sardinia,5 Star,336651.0,6186.0,357.0,7631.09,0.0184,1.23,0.0577
November 2024,9,Croatia,Istria,4 Star,250463.0,6200.0,382.0,7591.26,0.0248,1.22,0.0616
November 2024,10,Spain,Costa del Sol,3 Star,158396.0,3610.0,241.0,4281.77,0.0228,1.19,0.0668
November 2024,11,Turkey,Bodrum,4 Star,148625.0,3542.0,230.0,3291.25,0.0238,0.93,0.0649
November 2024,12,Egypt,Marsa Alam,5 Star,406238.0,11759.0,787.0,12660.53,0.0289,1.08,0.0669
November 2024,13,Germany,Baltic Sea,4 Star,149638.0,2180.0,177.0,1844.75,0.0146,0.85,0.0812
November 2024,14,Greece,Kos,3 Star,209507.0,5517.0,498.0,3762.55,0.0263,0.68,0.0903
November 2024,15,Austria,Tyrol,4 Star,175009.0,2813.0,196.0,2281.56,0.0161,0.81,0.0697
November 2024,16,United Arab Emirates,Dubai,5 Star,168296.0,4806.0,217.0,5562.52,0.0286,1.16,0.0452
November 2024,17,Tunisia,Djerba,4 Star,113848.0,1700.0,107.0,1289.44,0.0149,0.76,0.0629
November 2024,18,Spain,Ibiza,4 Star,110780.0,2119.0,172.0,3278.74,0.0191,1.55,0.0812
November 2024,19,Bulgaria,Golden Sands,3 Star,59463.0,1349.0,66.0,2273.72,0.0227,1.69,0.0489
October 2024,1,Spain,Mallorca,5 Star,199950.0,3357.0,190.0,3276.63,0.0168,0.98,0.0566
October 2024,2,Greece,Crete,4 Star,124224.0,2222.0,157.0,2346.37,0.0179,1.06,0.0707
October 2024,3,Turkey,Antalya,5 Star,314231.0,7649.0,399.0,10115.19,0.0243,1.32,0.0522
October 2024,4,Egypt,Hurghada,4 Star,306015.0,8450.0,428.0,8849.7,0.0276,1.05,0.0507
October 2024,5,Portugal,Algarve,5 Star,258539.0,6139.0,355.0,6952.94,0.0237,1.13,0.0578
October 2024,6,Spain,Canary Islands,4 Star,277026.0,7141.0,448.0,10133.0,0.0258,1.42,0.0627
October 2024,7,Greece,Rhodes,4 Star,218761.0,4483.0,426.0,3682.24,0.0205,0.82,0.095
October 2024,8,Italy,Sardinia,5 Star,357874.0,6332.0,381.0,7589.41,0.0177,1.2,0.0602
October 2024,9,Croatia,Istria,4 Star,276018.0,7030.0,403.0,8894.61,0.0255,1.27,0.0573
October 2024,10,Spain,Costa del Sol,3 Star,186978.0,4695.0,344.0,5323.35,0.0251,1.13,0.0733
October 2024,11,Turkey,Bodrum,4 Star,171473.0,4304.0,267.0,4027.63,0.0251,0.94,0.062
October 2024,12,Egypt,Marsa Alam,5 Star,340083.0,10344.0,686.0,11370.86,0.0304,1.1,0.0663
October 2024,13,Germany,Baltic Sea,4 Star,164422.0,2380.0,205.0,1925.04,0.0145,0.81,0.0861
October 2024,14,Greece,Kos,3 Star,231122.0,5797.0,541.0,3914.24,0.0251,0.68,0.0933
October 2024,15,Austria,Tyrol,4 Star,118890.0,1956.0,138.0,1648.42,0.0165,0.84,0.0706
October 2024,16,United Arab Emirates,Dubai,5 Star,184662.0,4952.0,204.0,5985.55,0.0268,1.21,0.0412
October 2024,17,Tunisia,Djerba,4 Star,121135.0,1888.0,119.0,1426.2,0.0156,0.76,0.063
October 2024,18,Spain,Ibiza,4 Star,165856.0,3245.0,269.0,5029.72,0.0196,1.55,0.0829
October 2024,19,Bulgaria,Golden Sands,3 Star,59992.0,1432.0,58.0,2214.89,0.0239,1.55,0.0405
September 2024,1,Spain,Mallorca,5 Star,345835.0,5577.0,300.0,5411.59,0.0161,0.97,0.0538
September 2024,2,Greece,Crete,4 Star,184686.0,3516.0,247.0,3544.18,0.019,1.01,0.0703
September 2024,3,Turkey,Antalya,5 Star,486488.0,11424.0,574.0,14740.83,0.0235,1.29,0.0502
September 2024,4,Egypt,Hurghada,4 Star,289640.0,7974.0,407.0,8393.29,0.0275,1.05,0.051
September 2024,5,Portugal,Algarve,5 Star,393488.0,8407.0,516.0,9762.53,0.0214,1.16,0.0614
September 2024,6,Spain,Canary Islands,4 Star,416114.0,10455.0,633.0,14552.48,0.0251,1.39,0.0605
September 2024,7,Greece,Rhodes,4 Star,323687.0,7042.0,714.0,5725.16,0.0218,0.81,0.1014
September 2024,8,Italy,Sardinia,5 Star,530080.0,9804.0,558.0,11827.93,0.0185,1.21,0.0569
September 2024,9,Croatia,Istria,4 Star,385273.0,10073.0,625.0,12676.96,0.0261,1.26,0.062
September 2024,10,Spain,Costa del Sol,3 Star,268079.0,6670.0,493.0,7670.33,0.0249,1.15,0.0739
September 2024,11,Turkey,Bodrum,4 Star,247739.0,5697.0,355.0,5527.91,0.023,0.97,0.0623
September 2024,12,Egypt,Marsa Alam,5 Star,330452.0,9358.0,655.0,9987.63,0.0283,1.07,0.07
September 2024,13,Germany,Baltic Sea,4 Star,229861.0,3133.0,258.0,2616.89,0.0136,0.84,0.0823
September 2024,14,Greece,Kos,3 Star,349940.0,9299.0,854.0,5960.16,0.0266,0.64,0.0918
September 2024,15,Austria,Tyrol,4 Star,164115.0,2810.0,188.0,2297.96,0.0171,0.82,0.0669
September 2024,16,United Arab Emirates,Dubai,5 Star,270122.0,7193.0,335.0,8229.49,0.0266,1.14,0.0466
September 2024,17,Tunisia,Djerba,4 Star,184841.0,2776.0,169.0,2113.25,0.015,0.76,0.0609
September 2024,18,Spain,Ibiza,4 Star,340238.0,6423.0,509.0,9703.51,0.0189,1.51,0.0792
September 2024,19,Bulgaria,Golden Sands,3 Star,86338.0,1988.0,102.0,3177.34,0.023,1.6,0.0513
August 2024,1,Spain,Mallorca,5 Star,337401.0,5328.0,302.0,5458.49,0.0158,1.02,0.0567
August 2024,2,Greece,Crete,4 Star,167645.0,3091.0,205.0,3074.96,0.0184,0.99,0.0663
August 2024,3,Turkey,Antalya,5 Star,417921.0,9848.0,505.0,13148.94,0.0236,1.34,0.0513
August 2024,4,Egypt,Hurghada,4 Star,174763.0,4669.0,244.0,4704.24,0.0267,1.01,0.0523
August 2024,5,Portugal,Algarve,5 Star,372830.0,8373.0,491.0,9441.21,0.0225,1.13,0.0586
August 2024,6,Spain,Canary Islands,4 Star,366350.0,9323.0,588.0,12617.24,0.0254,1.35,0.0631
August 2024,7,Greece,Rhodes,4 Star,296092.0,6485.0,656.0,5222.02,0.0219,0.81,0.1012
August 2024,8,Italy,Sardinia,5 Star,481381.0,9297.0,575.0,11106.36,0.0193,1.19,0.0618
August 2024,9,Croatia,Istria,4 Star,347175.0,8542.0,518.0,10765.17,0.0246,1.26,0.0606
August 2024,10,Spain,Costa del Sol,3 Star,232594.0,5710.0,441.0,6416.51,0.0245,1.12,0.0772
August 2024,11,Turkey,Bodrum,4 Star,222991.0,5167.0,339.0,5093.6,0.0232,0.99,0.0656
August 2024,12,Egypt,Marsa Alam,5 Star,185808.0,5235.0,357.0,5797.77,0.0282,1.11,0.0682
August 2024,13,Germany,Baltic Sea,4 Star,200190.0,2877.0,230.0,2455.79,0.0144,0.85,0.0799
August 2024,14,Greece,Kos,3 Star,306390.0,8031.0,750.0,5210.66,0.0262,0.65,0.0934
August 2024,15,Austria,Tyrol,4 Star,157692.0,2642.0,196.0,2242.79,0.0168,0.85,0.0742
August 2024,16,United Arab Emirates,Dubai,5 Star,244895.0,7201.0,306.0,8480.09,0.0294,1.18,0.0425
August 2024,17,Tunisia,Djerba,4 Star,164083.0,2536.0,167.0,1919.59,0.0155,0.76,0.0659
August 2024,18,Spain,Ibiza,4 Star,376081.0,7212.0,529.0,10867.97,0.0192,1.51,0.0733
August 2024,19,Bulgaria,Golden Sands,3 Star,86571.0,2103.0,107.0,3222.63,0.0243,1.53,0.0509
July 2024,1,Spain,Mallorca,5 Star,435396.0,7411.0,419.0,7310.15,0.017,0.99,0.0565
July 2024,2,Greece,Crete,4 Star,217299.0,3974.0,281.0,3878.35,0.0183,0.98,0.0707
July 2024,3,Turkey,Antalya,5 Star,536726.0,12750.0,676.0,17257.98,0.0238,1.35,0.053
July 2024,4,Egypt,Hurghada,4 Star,197402.0,5427.0,275.0,5348.48,0.0275,0.99,0.0507
July 2024,5,Portugal,Algarve,5 Star,461239.0,10232.0,586.0,12033.7,0.0222,1.18,0.0573
July 2024,6,Spain,Canary Islands,4 Star,497270.0,12833.0,804.0,18090.33,0.0258,1.41,0.0627
July 2024,7,Greece,Rhodes,4 Star,362702.0,8182.0,885.0,6362.87,0.0226,0.78,0.1082
July 2024,8,Italy,Sardinia,5 Star,618346.0,12291.0,739.0,14695.6,0.0199,1.2,0.0601
July 2024,9,Croatia,Istria,4 Star,480904.0,12150.0,753.0,15310.86,0.0253,1.26,0.062
July 2024,10,Spain,Costa del Sol,3 Star,316849.0,7584.0,550.0,8490.08,0.0239,1.12,0.0725
July 2024,11,Turkey,Bodrum,4 Star,295006.0,7025.0,459.0,6418.23,0.0238,0.91,0.0653
July 2024,12,Egypt,Marsa Alam,5 Star,214813.0,6209.0,404.0,6603.23,0.0289,1.06,0.0651
July 2024,13,Germany,Baltic Sea,4 Star,259686.0,3602.0,289.0,3012.59,0.0139,0.84,0.0802
July 2024,14,Greece,Kos,3 Star,398090.0,10433.0,995.0,6581.33,0.0262,0.63,0.0954
July 2024,15,Austria,Tyrol,4 Star,198039.0,3313.0,249.0,2745.74,0.0167,0.83,0.0752
July 2024,16,United Arab Emirates,Dubai,5 Star,321894.0,9195.0,411.0,10538.22,0.0286,1.15,0.0447
July 2024,17,Tunisia,Djerba,4 Star,207621.0,3321.0,210.0,2516.7,0.016,0.76,0.0632
July 2024,18,Spain,Ibiza,4 Star,470560.0,8992.0,757.0,13662.41,0.0191,1.52,0.0842
July 2024,19,Bulgaria,Golden Sands,3 Star,103776.0,2566.0,123.0,4051.06,0.0247,1.58,0.0479
June 2024,1,Spain,Mallorca,5 Star,321959.0,5180.0,263.0,5197.09,0.0161,1.0,0.0508
June 2024,2,Greece,Crete,4 Star,158466.0,2842.0,208.0,2795.01,0.0179,0.98,0.0732
June 2024,3,Turkey,Antalya,5 Star,401390.0,9290.0,458.0,11960.67,0.0231,1.29,0.0493
June 2024,4,Egypt,Hurghada,4 Star,179865.0,4667.0,230.0,4803.47,0.0259,1.03,0.0493
June 2024,5,Portugal,Algarve,5 Star,349075.0,7488.0,418.0,8810.89,0.0215,1.18,0.0558
June 2024,6,Spain,Canary Islands,4 Star,359030.0,9570.0,618.0,13601.86,0.0267,1.42,0.0646
June 2024,7,Greece,Rhodes,4 Star,276966.0,6015.0,615.0,4645.59,0.0217,0.77,0.1022
June 2024,8,Italy,Sardinia,5 Star,450051.0,8437.0,487.0,10441.78,0.0187,1.24,0.0577
June 2024,9,Croatia,Istria,4 Star,341377.0,8615.0,552.0,10917.17,0.0252,1.27,0.0641
June 2024,10,Spain,Costa del Sol,3 Star,231317.0,5591.0,416.0,6191.0,0.0242,1.11,0.0744
June 2024,11,Turkey,Bodrum,4 Star,219407.0,5205.0,346.0,4891.69,0.0237,0.94,0.0665
June 2024,12,Egypt,Marsa Alam,5 Star,196315.0,5776.0,351.0,6140.98,0.0294,1.06,0.0608
June 2024,13,Germany,Baltic Sea,4 Star,195103.0,2644.0,219.0,2184.81,0.0136,0.83,0.0828
June 2024,14,Greece,Kos,3 Star,293286.0,7938.0,741.0,5353.79,0.0271,0.67,0.0933
June 2024,15,Austria,Tyrol,4 Star,138542.0,2356.0,160.0,2014.48,0.017,0.86,0.0679
June 2024,16,United Arab Emirates,Dubai,5 Star,235948.0,6853.0,299.0,7740.35,0.029,1.13,0.0436
June 2024,17,Tunisia,Djerba,4 Star,154079.0,2313.0,146.0,1722.09,0.015,0.74,0.0631
June 2024,18,Spain,Ibiza,4 Star,343963.0,6667.0,527.0,9856.13,0.0194,1.48,0.079
June 2024,19,Bulgaria,Golden Sands,3 Star,79322.0,1954.0,95.0,3133.1,0.0246,1.6,0.0486
May 2024,1,Spain,Mallorca,5 Star,266496.0,4445.0,233.0,4409.81,0.0167,0.99,0.0524
May 2024,2,Greece,Crete,4 Star,136803.0,2564.0,182.0,2576.92,0.0187,1.01,0.071
May 2024,3,Turkey,Antalya,5 Star,359019.0,8699.0,454.0,11635.56,0.0242,1.34,0.0522
May 2024,4,Egypt,Hurghada,4 Star,223386.0,6011.0,313.0,6278.46,0.0269,1.04,0.0521
May 2024,5,Portugal,Algarve,5 Star,291514.0,6280.0,372.0,7420.86,0.0215,1.18,0.0592
May 2024,6,Spain,Canary Islands,4 Star,327053.0,8692.0,551.0,12171.03,0.0266,1.4,0.0634
May 2024,7,Greece,Rhodes,4 Star,239553.0,5183.0,530.0,4143.82,0.0216,0.8,0.1023
May 2024,8,Italy,Sardinia,5 Star,413136.0,7686.0,458.0,9605.54,0.0186,1.25,0.0596
May 2024,9,Croatia,Istria,4 Star,302768.0,7421.0,432.0,9412.37,0.0245,1.27,0.0582
May 2024,10,Spain,Costa del Sol,3 Star,206943.0,5200.0,392.0,5965.33,0.0251,1.15,0.0754
May 2024,11,Turkey,Bodrum,4 Star,190337.0,4622.0,303.0,4251.83,0.0243,0.92,0.0656
May 2024,12,Egypt,Marsa Alam,5 Star,235901.0,6647.0,421.0,6939.41,0.0282,1.04,0.0633
May 2024,13,Germany,Baltic Sea,4 Star,174841.0,2515.0,215.0,1986.81,0.0144,0.79,0.0855
May 2024,14,Greece,Kos,3 Star,252469.0,6741.0,631.0,4413.58,0.0267,0.65,0.0936
May 2024,15,Austria,Tyrol,4 Star,107795.0,1847.0,132.0,1514.2,0.0171,0.82,0.0715
May 2024,16,United Arab Emirates,Dubai,5 Star,202449.0,5477.0,242.0,6105.87,0.0271,1.11,0.0442
May 2024,17,Tunisia,Djerba,4 Star,142153.0,2200.0,144.0,1617.61,0.0155,0.74,0.0655
May 2024,18,Spain,Ibiza,4 Star,301107.0,5766.0,482.0,8767.49,0.0191,1.52,0.0836
May 2024,19,Bulgaria,Golden Sands,3 Star,70933.0,1688.0,80.0,2846.36,0.0238,1.69,0.0474
April 2024,1,Spain,Mallorca,5 Star,276921.0,4602.0,248.0,4634.86,0.0166,1.01,0.0539
April 2024,2,Greece,Crete,4 Star,161002.0,2913.0,213.0,3049.29,0.0181,1.05,0.0731
April 2024,3,Turkey,Antalya,5 Star,404404.0,9252.0,492.0,12138.44,0.0229,1.31,0.0532
April 2024,4,Egypt,Hurghada,4 Star,347007.0,9695.0,517.0,10236.98,0.0279,1.06,0.0533
April 2024,5,Portugal,Algarve,5 Star,333013.0,7684.0,442.0,8496.13,0.0231,1.11,0.0575
April 2024,6,Spain,Canary Islands,4 Star,361984.0,9240.0,585.0,13126.57,0.0255,1.42,0.0633
April 2024,7,Greece,Rhodes,4 Star,278072.0,6397.0,670.0,5210.59,0.023,0.81,0.1047
April 2024,8,Italy,Sardinia,5 Star,467666.0,8738.0,510.0,10660.35,0.0187,1.22,0.0584
April 2024,9,Croatia,Istria,4 Star,346241.0,8674.0,548.0,11223.45,0.0251,1.29,0.0632
April 2024,10,Spain,Costa del Sol,3 Star,232306.0,5755.0,405.0,6552.8,0.0248,1.14,0.0704
April 2024,11,Turkey,Bodrum,4 Star,217562.0,5360.0,332.0,5140.96,0.0246,0.96,0.0619
April 2024,12,Egypt,Marsa Alam,5 Star,396474.0,11398.0,735.0,12346.1,0.0287,1.08,0.0645
April 2024,13,Germany,Baltic Sea,4 Star,200340.0,2838.0,219.0,2304.66,0.0142,0.81,0.0772
April 2024,14,Greece,Kos,3 Star,303761.0,7813.0,751.0,5270.25,0.0257,0.67,0.0961
April 2024,15,Austria,Tyrol,4 Star,157815.0,2565.0,179.0,2050.13,0.0163,0.8,0.0698
April 2024,16,United Arab Emirates,Dubai,5 Star,234259.0,6412.0,307.0,7034.01,0.0274,1.1,0.0479
April 2024,17,Tunisia,Djerba,4 Star,161141.0,2348.0,153.0,1844.65,0.0146,0.79,0.0652
April 2024,18,Spain,Ibiza,4 Star,283991.0,5330.0,426.0,8182.71,0.0188,1.54,0.0799
April 2024,19,Bulgaria,Golden Sands,3 Star,83550.0,1950.0,90.0,3202.56,0.0233,1.64,0.0462
March 2024,1,Spain,Mallorca,5 Star,185868.0,2971.0,161.0,2985.11,0.016,1.0,0.0542
March 2024,2,Greece,Crete,4 Star,117898.0,2142.0,151.0,2137.36,0.0182,1.0,0.0705
March 2024,3,Turkey,Antalya,5 Star,303018.0,6813.0,338.0,9483.33,0.0225,1.39,0.0496
March 2024,4,Egypt,Hurghada,4 Star,322976.0,9008.0,454.0,9403.31,0.0279,1.04,0.0504
March 2024,5,Portugal,Algarve,5 Star,247334.0,5547.0,359.0,6204.29,0.0224,1.12,0.0647
March 2024,6,Spain,Canary Islands,4 Star,261518.0,6750.0,391.0,9495.79,0.0258,1.41,0.0579
March 2024,7,Greece,Rhodes,4 Star,212175.0,4595.0,461.0,3570.79,0.0217,0.78,0.1003
March 2024,8,Italy,Sardinia,5 Star,331907.0,6205.0,343.0,7437.14,0.0187,1.2,0.0553
March 2024,9,Croatia,Istria,4 Star,247708.0,6595.0,410.0,8220.57,0.0266,1.25,0.0622
March 2024,10,Spain,Costa del Sol,3 Star,170808.0,4348.0,304.0,5179.99,0.0255,1.19,0.0699
March 2024,11,Turkey,Bodrum,4 Star,161189.0,3729.0,243.0,3715.27,0.0231,1.0,0.0652
March 2024,12,Egypt,Marsa Alam,5 Star,366962.0,10516.0,705.0,11643.43,0.0287,1.11,0.067
March 2024,13,Germany,Baltic Sea,4 Star,149681.0,2100.0,176.0,1776.26,0.014,0.85,0.0838
March 2024,14,Greece,Kos,3 Star,231282.0,6548.0,619.0,4370.37,0.0283,0.67,0.0945
March 2024,15,Austria,Tyrol,4 Star,172211.0,2755.0,192.0,2243.73,0.016,0.81,0.0697
March 2024,16,United Arab Emirates,Dubai,5 Star,181237.0,4949.0,210.0,5594.93,0.0273,1.13,0.0424
March 2024,17,Tunisia,Djerba,4 Star,116997.0,1798.0,122.0,1318.51,0.0154,0.73,0.0679
March 2024,18,Spain,Ibiza,4 Star,171987.0,3171.0,250.0,4745.35,0.0184,1.5,0.0788
March 2024,19,Bulgaria,Golden Sands,3 Star,60172.0,1465.0,73.0,2433.57,0.0243,1.66,0.0498
February 2024,1,Spain,Mallorca,5 Star,145901.0,2428.0,126.0,2319.88,0.0166,0.96,0.0519
February 2024,2,Greece,Crete,4 Star,106034.0,2028.0,135.0,2064.59,0.0191,1.02,0.0666
February 2024,3,Turkey,Antalya,5 Star,267204.0,6105.0,322.0,8140.32,0.0228,1.33,0.0527
February 2024,4,Egypt,Hurghada,4 Star,364851.0,9529.0,515.0,9717.66,0.0261,1.02,0.054
February 2024,5,Portugal,Algarve,5 Star,222787.0,5013.0,300.0,5856.19,0.0225,1.17,0.0598
February 2024,6,Spain,Canary Islands,4 Star,241382.0,6279.0,390.0,8625.87,0.026,1.37,0.0621
February 2024,7,Greece,Rhodes,4 Star,183447.0,4121.0,428.0,3234.89,0.0225,0.78,0.1039
February 2024,8,Italy,Sardinia,5 Star,304262.0,5501.0,303.0,6707.33,0.0181,1.22,0.0551
February 2024,9,Croatia,Istria,4 Star,226884.0,5406.0,315.0,6870.81,0.0238,1.27,0.0583
February 2024,10,Spain,Costa del Sol,3 Star,146303.0,3534.0,262.0,4000.13,0.0242,1.13,0.0741
February 2024,11,Turkey,Bodrum,4 Star,142089.0,3546.0,213.0,3544.41,0.025,1.0,0.0601
February 2024,12,Egypt,Marsa Alam,5 Star,405816.0,11903.0,798.0,12407.86,0.0293,1.04,0.067
February 2024,13,Germany,Baltic Sea,4 Star,141485.0,2147.0,176.0,1768.71,0.0152,0.82,0.082
February 2024,14,Greece,Kos,3 Star,214321.0,5779.0,533.0,3785.64,0.027,0.66,0.0922
February 2024,15,Austria,Tyrol,4 Star,210811.0,3372.0,242.0,2852.52,0.016,0.85,0.0718
February 2024,16,United Arab Emirates,Dubai,5 Star,159811.0,4488.0,184.0,5058.12,0.0281,1.13,0.041
February 2024,17,Tunisia,Djerba,4 Star,103409.0,1658.0,102.0,1226.81,0.016,0.74,0.0615
February 2024,18,Spain,Ibiza,4 Star,112373.0,2269.0,176.0,3482.1,0.0202,1.53,0.0776
February 2024,19,Bulgaria,Golden Sands,3 Star,54311.0,1334.0,69.0,2167.32,0.0246,1.62,0.0517
January 2024,1,Spain,Mallorca,5 Star,166787.0,2706.0,143.0,2603.93,0.0162,0.96,0.0528
January 2024,2,Greece,Crete,4 Star,121879.0,2160.0,142.0,2177.5,0.0177,1.01,0.0657
January 2024,3,Turkey,Antalya,5 Star,314898.0,7571.0,386.0,10090.6,0.024,1.33,0.051
January 2024,4,Egypt,Hurghada,4 Star,472958.0,13263.0,681.0,13755.1,0.028,1.04,0.0513
January 2024,5,Portugal,Algarve,5 Star,265549.0,6079.0,341.0,6974.68,0.0229,1.15,0.0561
January 2024,6,Spain,Canary Islands,4 Star,277648.0,7401.0,437.0,10153.46,0.0267,1.37,0.059
January 2024,7,Greece,Rhodes,4 Star,212177.0,4586.0,457.0,3683.18,0.0216,0.8,0.0997
January 2024,8,Italy,Sardinia,5 Star,358758.0,6618.0,391.0,7939.6,0.0184,1.2,0.0591
January 2024,9,Croatia,Istria,4 Star,270968.0,6894.0,402.0,8680.68,0.0254,1.26,0.0583
January 2024,10,Spain,Costa del Sol,3 Star,187564.0,4645.0,338.0,5274.88,0.0248,1.14,0.0728
January 2024,11,Turkey,Bodrum,4 Star,174891.0,4076.0,247.0,3985.26,0.0233,0.98,0.0606
January 2024,12,Egypt,Marsa Alam,5 Star,563993.0,16248.0,1082.0,17263.91,0.0288,1.06,0.0666
January 2024,13,Germany,Baltic Sea,4 Star,164474.0,2253.0,188.0,1800.67,0.0137,0.8,0.0834
January 2024,14,Greece,Kos,3 Star,233335.0,6410.0,577.0,4139.1,0.0275,0.65,0.09
January 2024,15,Austria,Tyrol,4 Star,285848.0,4550.0,352.0,3776.48,0.0159,0.83,0.0774
January 2024,16,United Arab Emirates,Dubai,5 Star,180781.0,4830.0,212.0,5468.69,0.0267,1.13,0.0439
January 2024,17,Tunisia,Djerba,4 Star,132513.0,1999.0,118.0,1479.52,0.0151,0.74,0.059
January 2024,18,Spain,Ibiza,4 Star,117623.0,2288.0,168.0,3514.64,0.0195,1.54,0.0734
January 2024,19,Bulgaria,Golden Sands,3 Star,65478.0,1560.0,72.0,2426.97,0.0238,1.56,0.0462
